event_id,event_name,group,country,topic,exposed,baseline,peak_uplift,half_life_weeks,persistence_12w,net_peak_uplift,net_persistence_12w,net_peak_vs_nl,net_persistence_vs_nl
N1,wembanyama_draft,nba_event,UK,basketball,False,111.92061695373334,-0.1785610117485097,1.0,-0.2361018748614564,0.2601848040224176,0.06898704272908462,0.341947297717753,0.09538983784572597
N1,wembanyama_draft,nba_event,France,basketball,True,103.10407774978145,-0.44207045656873956,1.0,-0.43939972020857176,-0.07144035412705174,-0.13431080261803074,0.01032213956828365,-0.1079080075013894
N1,wembanyama_draft,nba_event,Spain,basketball,False,80.57461897910594,-0.2440319921851153,1.0,-0.2786861224738997,0.15574107199207565,0.026402795116641342,0.23750356568741104,0.052805590233282684
N1,wembanyama_draft,nba_event,Italy,basketball,False,80.92680231240081,-0.16688990088400735,1.0,-0.5276363961067951,0.005835555432251172,-0.22254747851625412,-0.02359055341859151,-0.19614468339961277
N1,wembanyama_draft,nba_event,Germany,basketball,False,62.662565905096656,0.009956527836208151,1.0,1.044453793296873,0.232309955582769,1.3495427108874138,0.16352498739067078,1.3759455060040553
N1,wembanyama_draft,nba_event,Turkey,basketball,False,1274.2322745747404,-0.5945172465732791,1.0,-0.5665009790631119,-0.18569089601246525,-0.2614120614725709,-0.10392840231712985,-0.23500926635592956
N1,wembanyama_draft,nba_event,Netherlands,basketball,False,64.56599286563615,0.423572744014733,1.0,-0.33149171270718236,0.5962982003309916,-0.026402795116641342,0.0,0.0
N1,wembanyama_draft,nba_event,UK,nba,False,242.79988157928722,-0.495318695077558,1.0,-0.6535324259778803,0.05494699975655193,-0.0048248386885692,0.01718308605811336,-0.32204071327069794
N1,wembanyama_draft,nba_event,France,nba,True,193.6110076466335,-0.3336667949211235,1.0,-0.7873797614467103,0.13913875144806487,-0.1386721741573992,-0.08464588661030559,-0.45588804873952793
N1,wembanyama_draft,nba_event,Spain,nba,False,354.17196368996076,-0.7771988328470196,1.0,-0.7948798110323747,-0.15995999889631785,-0.1461722237430636,-0.1830076912034404,-0.46338809832519234
N1,wembanyama_draft,nba_event,Italy,nba,False,309.8040619213957,-0.429783445494776,1.0,-0.6452905286862709,0.04302210087441238,0.0034170586030402017,-0.05381610519396429,-0.31379881597908854
N1,wembanyama_draft,nba_event,Germany,nba,False,115.67555120603303,-0.4144780401677334,1.0,0.4272787464135954,0.23470947947184084,1.0759863337029065,0.1331439687229331,0.7587704591207778
N1,wembanyama_draft,nba_event,Turkey,nba,False,1147.0775635035257,-0.550519357884797,1.0,-0.6521246458923513,0.030768412886841734,-0.0034170586030402017,0.007720720579719176,-0.32063293318516894
N1,wembanyama_draft,nba_event,Netherlands,nba,False,132.53799392097264,-0.3450292397660819,1.0,-0.6257309941520468,0.22890307313994174,0.0229765931372643,-0.06773609899518596,-0.29423928144486444
N2,nba_paris_2025,nba_event,UK,basketball,False,63.66755757057953,0.27557989294284146,1.0,-0.030866096515515196,0.11776200732446374,0.21019309080682114,0.023420998296900475,0.11075739225823278
N2,nba_paris_2025,nba_event,France,basketball,True,63.34023242659536,0.07255977642066047,1.0,-0.28392505951764824,-0.11244992618556648,-0.042865872195311905,-0.13296699387294897,-0.14230157074390026
N2,nba_paris_2025,nba_event,Spain,basketball,False,30.432304043503578,0.9172351362710547,8.0,-0.31563803304128546,0.6665266088293897,-0.07457884571894913,0.6650762416251137,-0.17401454426753749
N2,nba_paris_2025,nba_event,Italy,basketball,False,38.963953751983674,0.2492581602373889,1.0,-0.20660237388724034,-0.0014503672042760485,0.03445681343509599,-0.002900734408552097,-0.06497888511349237
N2,nba_paris_2025,nba_event,Germany,basketball,False,46.40597539543058,0.20469608028782438,1.0,-0.2755160007574323,0.019686377681597422,-0.03445681343509599,-0.0008306900057850619,-0.13389251198368435
N2,nba_paris_2025,nba_event,Turkey,basketball,False,993.8205629986453,-0.4101969872537661,1.0,-0.29316338354577065,-0.595206689859993,-0.05210419622343432,-0.6157237575473755,-0.15153989477202268
N2,nba_paris_2025,nba_event,Netherlands,basketball,False,34.42330558858502,0.30224525043177874,1.0,-0.14162348877374797,0.17388736086530243,0.09943569854858836,0.0,0.0
N2,nba_paris_2025,nba_event,UK,nba,False,97.85855877753795,0.8121361345698046,2.0,0.36824907379708693,0.0706277035622126,0.14286422181977376,0.5254349255888031,0.5098725625708349
N2,nba_paris_2025,nba_event,France,nba,True,57.964111215792826,0.9964014908109495,1.0,0.3211669451227346,0.9596100982832528,0.09578209314542141,0.7442425961650085,0.46279043389648256
N2,nba_paris_2025,nba_event,Spain,nba,False,39.817894972994225,0.7556001853854475,21.0,0.8427313455893717,0.3433248657921283,0.6173464936120585,0.468898976404446,0.9843548343631197
N2,nba_paris_2025,nba_event,Italy,nba,False,60.38051881120083,0.9398092167136904,1.0,0.6195082627972592,0.12038781109420449,0.39412341081994606,0.653108007732689,0.7611317515710072
N2,nba_paris_2025,nba_event,Germany,nba,False,71.80257951157978,0.9761777777777776,1.0,-0.04604444444444444,0.15675637215829163,-0.2714292964217576,0.6894765687967761,0.09557904432930353
N2,nba_paris_2025,nba_event,Turkey,nba,False,577.5465126157505,0.8267066766691673,1.0,0.08252063015753941,0.304687892678111,-0.14286422181977376,0.5400054676881658,0.22414411893128738
N2,nba_paris_2025,nba_event,Netherlands,nba,False,48.82978723404255,-0.11111111111111116,1.0,-0.4920634920634921,-0.26778855976833393,-0.7174483440408053,-0.3801299448967842,-0.3504400032897441
N3,nba_berlin_2026,nba_event,UK,basketball,False,54.31700936895686,0.26924371364007893,3.0,-0.118322996297899,0.1892721719358852,-0.00879294778039913,0.12730822976911105,-0.031226222104350665
N3,nba_berlin_2026,nba_event,France,basketball,False,39.685169949092405,0.018007599537419594,1.0,-0.1660333718817114,-0.013270917952236838,-0.056503323364211544,-0.12392788433354829,-0.07893659768816308
N3,nba_berlin_2026,nba_event,Spain,basketball,False,11.399200628755374,0.8406697738650093,8.0,0.5958915933022613,0.7819576748024126,0.7054216418197612,0.7342181609617833,0.6829883674958096
N3,nba_berlin_2026,nba_event,Italy,basketball,False,23.528678304239403,0.04299754299754288,2.0,-0.10073710073710074,-0.012682138493475603,0.00879294778039913,-0.06345406990568314,-0.013640326543552406
N3,nba_berlin_2026,nba_event,Germany,basketball,True,39.68365553602813,0.2728077945084144,2.0,0.0637732506643045,0.2613541572434401,0.17330329918180437,0.11719763421812002,0.15087002485785284
N3,nba_berlin_2026,nba_event,Turkey,basketball,False,475.2220382357369,-0.3416801292407109,1.0,-0.3747980613893377,-0.42165167094490463,-0.2652680128718378,-0.4836156131116788,-0.28770128719578936
N3,nba_berlin_2026,nba_event,Netherlands,basketball,False,18.430439952437574,0.5419354838709678,1.0,-0.08709677419354833,0.5304818466059935,0.022433274323951535,0.0,0.0
N3,nba_berlin_2026,nba_event,UK,nba,False,71.86435132537812,0.2124022748993375,2.0,0.1549971015401006,0.3001549417331093,0.062147808120764814,0.057319205089159775,0.24209387573364893
N3,nba_berlin_2026,nba_event,France,nba,False,47.490195219210804,-0.047215686274509894,1.0,0.06823529411764695,-0.016631141942110628,-0.024613999301688838,-0.15366729917773592,0.15533206831119528
N3,nba_berlin_2026,nba_event,Spain,nba,False,39.38114685881493,0.035926273039674994,1.0,0.11746329272102463,0.13044216470212877,0.024613999301688838,-0.10600921083129289,0.20456006691457296
N3,nba_berlin_2026,nba_event,Italy,nba,False,66.27822634522515,-0.15691554467564273,1.0,-0.09277845777233784,-0.06611995614673394,-0.18562775119167363,-0.31281636198523344,-0.005681683578789509
N3,nba_berlin_2026,nba_event,Germany,nba,True,41.485934828912754,0.5236923076923079,1.0,0.0,0.5867971462537869,-0.09284929341933579,-0.008397022332506276,0.08709677419354833
N3,nba_berlin_2026,nba_event,Turkey,nba,False,519.2719395123609,-0.027117229870671666,1.0,-0.24572382144347094,0.0034673144617275997,-0.3385731148628067,-0.1335688427738977,-0.1586270472499226
N3,nba_berlin_2026,nba_event,Netherlands,nba,False,18.601823708206684,1.1666666666666665,2.0,1.25,1.2297715052281455,1.1571507065806643,0.6247311827956987,1.3370967741935482
N4,nba_london_2026,nba_event,UK,basketball,True,54.31700936895686,0.26924371364007893,3.0,-0.118322996297899,0.30600158463303995,-0.024406058832574462,0.12730822976911105,-0.031226222104350665
N4,nba_london_2026,nba_event,France,basketball,False,39.685169949092405,0.018007599537419594,1.0,-0.1660333718817114,0.05476547053038061,-0.07211643441638688,-0.12392788433354829,-0.07893659768816308
N4,nba_london_2026,nba_event,Spain,basketball,False,11.399200628755374,0.8406697738650093,8.0,0.5958915933022613,0.8162909692506957,0.6898085307675859,0.7342181609617833,0.6829883674958096
N4,nba_london_2026,nba_event,Italy,basketball,False,23.528678304239403,0.04299754299754288,2.0,-0.10073710073710074,0.01472759699066184,-0.006820163271776203,-0.06345406990568314,-0.013640326543552406
N4,nba_london_2026,nba_event,Germany,basketball,False,39.68365553602813,0.2728077945084144,2.0,0.0637732506643045,0.1489246691709616,0.15769018812962904,0.11719763421812002,0.15087002485785284
N4,nba_london_2026,nba_event,Turkey,basketball,False,475.2220382357369,-0.3416801292407109,1.0,-0.3747980613893377,-0.3049222582477499,-0.28088112392401315,-0.4836156131116788,-0.28770128719578936
N4,nba_london_2026,nba_event,Netherlands,basketball,False,18.430439952437574,0.5419354838709678,1.0,-0.08709677419354833,0.4061458372310112,0.006820163271776203,0.0,0.0
N4,nba_london_2026,nba_event,UK,nba,True,71.86435132537812,0.2124022748993375,2.0,0.1549971015401006,0.3001549417331093,0.12087945448127713,0.057319205089159775,0.24209387573364893
N4,nba_london_2026,nba_event,France,nba,False,47.490195219210804,-0.047215686274509894,1.0,0.06823529411764695,-0.007728218415907984,0.034117647058823475,-0.15366729917773592,0.15533206831119528
N4,nba_london_2026,nba_event,Spain,nba,False,39.38114685881493,0.035926273039674994,1.0,0.11746329272102463,0.13044216470212877,0.08334564566220115,-0.10600921083129289,0.20456006691457296
N4,nba_london_2026,nba_event,Italy,nba,False,66.27822634522515,-0.15691554467564273,1.0,-0.09277845777233784,-0.06611995614673394,-0.12689610483116132,-0.31281636198523344,-0.005681683578789509
N4,nba_london_2026,nba_event,Germany,nba,False,41.485934828912754,0.5236923076923079,1.0,0.0,0.5867971462537869,-0.034117647058823475,-0.008397022332506276,0.08709677419354833
N4,nba_london_2026,nba_event,Turkey,nba,False,519.2719395123609,-0.027117229870671666,1.0,-0.24572382144347094,0.012370237987930244,-0.2798414685022944,-0.1335688427738977,-0.1586270472499226
N4,nba_london_2026,nba_event,Netherlands,nba,False,18.601823708206684,1.1666666666666665,2.0,1.25,1.2297715052281455,1.2158823529411764,0.6247311827956987,1.3370967741935482
T1,paris_olympics,national_team,UK,basketball,False,65.0151020118691,1.1302243377317183,1.0,-0.03637203510674614,0.1535197936971745,0.0,0.019111801392319827,0.19019046489325386
T1,paris_olympics,national_team,France,basketball,True,35.810407774978145,3.3452947638227757,1.0,1.0267301354815088,2.1787498405210957,1.0631021705882548,0.31584984895642654,1.2532926354815088
T1,paris_olympics,national_team,Spain,basketball,False,67.77536116972576,0.22715791307377398,3.0,-0.05716691345120917,0.376217126172564,-0.02079487834446303,0.344640341016317,0.16939558654879083
T1,paris_olympics,national_team,Italy,basketball,False,34.48367717070959,1.7150041911148364,1.0,-0.03604358759430004,0.5484592678131563,0.00032844751244609505,-0.19733765978625317,0.19051891240569996
T1,paris_olympics,national_team,Germany,basketball,False,46.889279437609844,3.7419415292353824,1.0,-0.11731634182908557,2.5753966059337023,-0.08094430672233943,0.8374982430659672,0.10924615817091443
T1,paris_olympics,national_team,Turkey,basketball,False,262.7540267951227,1.16654492330168,1.0,2.669831994156319,0.35157060237138227,2.706204029263065,-0.03505780907596745,2.896394494156319
T1,paris_olympics,national_team,Netherlands,basketball,True,30.439952437574316,4.0244140625,1.0,-0.2265625,2.85786913919832,-0.19019046489325386,0.0,0.0
T1,paris_olympics,national_team,UK,nba,False,121.02444513471681,-0.18998223073988973,1.0,-0.0026142209900548163,0.05635638255625153,0.0,-0.30257778194164064,0.22394827900994518
T1,paris_olympics,national_team,France,nba,True,68.236892267917,1.3379912663755462,2.0,0.1425764192139738,1.2462435395392726,0.1451906402040286,0.8252797489082975,0.3691389192139738
T1,paris_olympics,national_team,Spain,nba,False,62.03668635912974,-0.22320277640059494,1.0,-0.019533961328705995,-0.0027969757364756376,-0.01691974033865118,-0.36459256476202284,0.207028538671294
T1,paris_olympics,national_team,Italy,nba,False,100.50439977857948,0.25110985551699083,1.0,-0.30196141738639115,0.1837000132881711,-0.29934719639633633,-0.13474986000686107,-0.07539891738639115
T1,paris_olympics,national_team,Germany,nba,False,50.10224437030233,1.461146496815286,1.0,0.18012738853503163,1.2775900914615579,0.18274160952508645,-0.05640376194267516,0.40668988853503163
T1,paris_olympics,national_team,Turkey,nba,False,453.1985387817518,0.1835564053537282,1.0,0.2609942638623328,0.25456902417752625,0.26360848485238764,-0.20038763742829835,0.4875567638623328
T1,paris_olympics,national_team,Netherlands,nba,True,54.25531914893617,0.5428571428571427,1.0,0.8,0.3593007375034145,0.8026142209900549,-0.35998883928571423,1.0265625
T2,fiba_wc_2023,national_team,UK,basketball,False,76.79828131244767,0.3254441894074638,1.0,0.15358326957408797,-0.01499674902937742,-1.017812065866197,0.00808467227748011,-1.6569430462153851
T2,fiba_wc_2023,national_team,France,basketball,False,38.41325140124441,1.0064857484212326,,1.136542072025943,0.1816930201916629,-0.03485326341434214,0.08543311684228527,-0.6739842437635302
T2,fiba_wc_2023,national_team,Spain,basketball,False,48.275899987151725,0.8202050257810747,11.0,1.2062485988546272,0.11424712945027049,0.03485326341434214,0.13732855075712802,-0.6042777169348459
T2,fiba_wc_2023,national_team,Italy,basketball,False,29.670992972115165,1.568436434486118,2.0,0.8772528007793474,1.2801619770779205,-0.29414253466093765,1.2289627502755915,-0.9332735150101257
T2,fiba_wc_2023,national_team,Germany,basketball,True,34.797891036906854,2.6815656565656565,1.0,0.8338383838383838,2.2850395898244837,-0.33755695160190125,1.923790536948432,-0.9766879319510893
T2,fiba_wc_2023,national_team,Turkey,basketball,False,326.09137437904565,1.9123013537374924,16.0,4.053560918187168,1.0416725250574814,2.8821655827468833,0.9912487221585451,2.243034602397695
T2,fiba_wc_2023,national_team,Netherlands,basketball,False,22.59215219976219,0.9552631578947368,15.0,1.810526315789473,0.5140002490483008,0.639130980349188,0.0,0.0
T2,fiba_wc_2023,national_team,UK,nba,False,82.1181412186869,0.3466695916856337,,0.7026626813283243,0.26126346997827865,-0.11549031099894969,-0.1297255052513231,-1.1078636344611488
T2,fiba_wc_2023,national_team,France,nba,False,50.63385990666287,0.05399440929821986,,0.846697072237752,-0.013636046149238246,0.028544079910478026,-0.2225540679711635,-0.9638292435517211
T2,fiba_wc_2023,national_team,Spain,nba,False,56.29129567401053,0.39001202054420303,1.0,0.8002404108840564,0.3182866470157668,-0.017912581443217612,-0.010720139875423307,-1.0102859049054167
T2,fiba_wc_2023,national_team,Italy,nba,False,88.0356563400714,0.7010689273866566,1.0,-0.14485809067453004,0.6694636628919663,-0.963011083001804,0.19720158302132007,-1.9553844064640031
T2,fiba_wc_2023,national_team,Germany,nba,True,52.489281235842846,2.1454280155642023,1.0,0.3302529182879379,2.108635038127157,-0.4879000740393361,1.2349016997747286,-1.4802733975015352
T2,fiba_wc_2023,national_team,Turkey,nba,False,433.484835612947,0.027486256871564363,1.0,1.0029985007496252,-0.04423911665687186,0.18484550842235115,-0.27241379310344793,-0.8075278150398479
T2,fiba_wc_2023,national_team,Netherlands,nba,False,47.27963525835866,0.180327868852459,1.0,0.8360655737704916,0.10860249532402277,0.017912581443217612,-0.5198015530629855,-0.9744607420189815
T3,eurobasket_2025,national_team,UK,basketball,False,45.97189645783125,0.25196693839293305,2.0,0.28832334478938826,-0.1937491999248533,-0.2463834284160339,-0.17331062210922643,-0.15898344677969867
T3,eurobasket_2025,national_team,France,basketball,False,17.16434411477349,1.8453017570664625,21.0,1.6287242169595113,1.3680393486424947,1.094017443754089,1.1591190872772352,1.1814174253904244
T3,eurobasket_2025,national_team,Spain,basketball,False,23.350356337152707,0.2134159187629039,5.0,-0.24173092318712353,-0.10451976557275033,-0.7764376963925457,-0.08408118775712348,-0.6890377147562105
T3,eurobasket_2025,national_team,Italy,basketball,False,15.297976649285877,1.434577231931979,1.0,0.6221067548417574,0.8910388031476485,0.08739998163633522,0.8280198548827984,0.17479996327267044
T3,eurobasket_2025,national_team,Germany,basketball,False,22.63620386643234,3.3885869565217384,2.0,0.6762422360248448,2.7631252804612685,0.14153546281942264,2.3979546380205674,0.22893544445575786
T3,eurobasket_2025,national_team,Turkey,basketball,True,115.15881378895078,4.913333333333334,5.0,3.2366666666666664,4.436070924909366,2.701959893461244,4.227150663544107,2.7893598750975794
T3,eurobasket_2025,national_team,Netherlands,basketball,False,12.69322235434007,0.990632318501171,6.0,0.4473067915690869,0.36517064244070097,-0.08739998163633522,0.0,0.0
T3,eurobasket_2025,national_team,UK,nba,False,60.87195528624631,0.12366824504291207,,0.18333826575910028,0.03691626339967591,-0.26322725370170164,-0.3759016116210262,-0.26396852580998664
T3,eurobasket_2025,national_team,France,nba,False,30.334129401196297,0.23280943025540268,,0.4076620825147348,0.06252582901738002,-0.03890343694606713,-0.27114284794081245,-0.039644709054352134
T3,eurobasket_2025,national_team,Spain,nba,False,26.76466260273411,0.3013100436681222,,0.31693863479659856,0.12307120601896482,-0.12962688466420336,-0.29505397827735647,-0.13036815677248836
T3,eurobasket_2025,national_team,Italy,nba,False,49.12863387352307,0.3068031704095111,2.0,0.48546895640686905,0.3353865776067365,0.03890343694606713,-0.0700271316270622,0.03816216483778212
T3,eurobasket_2025,national_team,Germany,nba,False,25.351097406221765,2.7522658610271904,2.0,0.5589123867069485,2.7761449672716414,0.11234686724614662,1.7616335425260194,0.11160559513786161
T3,eurobasket_2025,national_team,Turkey,nba,True,222.26658737575397,3.4668615984405458,2.0,1.3781676413255362,3.5211774264022133,0.9316021218647342,2.7011084176744222,0.9308608497564492
T3,eurobasket_2025,national_team,Netherlands,nba,False,13.951367781155014,0.22222222222222232,1.0,1.1111111111111112,0.32332167591488437,0.6645455916503092,-0.4967473328129066,0.6638043195420242
