series,date,raw,capped
de/basketball,2021-05-08,9494.0,3305.0
de/basketball,2022-09-13,5187.0,1337.5
de/basketball,2022-09-14,1557.0,1345.0
de/basketball,2022-09-16,10593.0,1392.5
de/basketball,2022-09-17,1559.0,1427.5
de/basketball,2022-09-18,3153.0,1437.5
de/basketball,2023-09-08,5905.0,1357.5
de/basketball,2023-09-09,2430.0,1387.5
de/basketball,2023-09-10,26698.0,1410.0
de/basketball,2023-09-11,4065.0,1415.0
de/basketball,2023-09-12,2014.0,1427.5
de/basketball,2024-07-27,3365.0,1885.0
de/basketball,2024-07-30,3450.0,1925.0
de/basketball,2024-08-02,2543.0,1925.0
de/basketball,2024-08-05,2160.0,1962.5
de/basketball,2024-08-06,2881.0,1962.5
de/basketball,2024-08-08,4033.0,1962.5
de/basketball,2024-08-10,2773.0,1962.5
de/basketball,2024-08-11,2558.0,1992.5
de/basketball,2025-09-03,1530.0,932.5
de/basketball,2025-09-06,1087.0,960.0
de/basketball,2025-09-10,3278.0,995.0
de/basketball,2025-09-11,1136.0,1012.5
de/basketball,2025-09-12,4025.0,1020.0
de/basketball,2025-09-14,8812.0,1035.0
de/basketball,2025-09-15,2793.0,1045.0
de/nba,2019-04-10,3202.0,2887.5
de/nba,2019-06-14,4550.0,3117.5
de/nba,2019-12-26,10129.0,2477.5
de/nba,2020-01-27,5799.0,2652.5
de/nba,2020-01-28,4995.0,2677.5
de/nba,2020-10-12,3507.0,2920.0
de/nba,2022-06-17,3175.0,2857.5
de/nba,2023-09-08,1700.0,1395.0
de/nba,2023-09-10,5306.0,1395.0
de/nba,2023-09-11,2873.0,1395.0
de/nba,2023-09-12,1544.0,1395.0
de/nba,2024-06-18,2360.0,1862.5
de/nba,2024-08-10,1322.0,1150.0
de/nba,2025-09-12,865.0,755.0
de/nba,2025-09-14,2042.0,770.0
de/nba,2025-09-15,1667.0,777.5
de/nba,2026-06-14,1520.0,1307.5
en/basketball,2019-06-14,25713.0,23607.5
en/basketball,2020-08-06,47146.0,14065.0
en/basketball,2024-05-06,28983.0,25162.5
en/nba,2019-06-14,68935.0,36907.5
en/nba,2020-01-27,36826.0,28125.0
en/nba,2020-01-28,32668.0,28395.0
en/nba,2020-10-12,39099.0,37420.0
en/nba,2020-10-14,48852.0,37602.5
en/nba,2026-06-14,38392.0,36167.5
es/nba,2019-06-14,14971.0,6895.0
es/nba,2020-01-27,7324.0,5912.5
es/nba,2020-10-12,17033.0,12105.0
es/nba,2021-07-21,8273.0,7810.0
es/nba,2022-06-17,18062.0,10972.5
es/nba,2022-10-19,7142.0,4117.5
es/nba,2022-10-20,4708.0,4180.0
es/nba,2022-10-21,4987.0,4267.5
es/nba,2022-10-22,5101.0,4390.0
es/nba,2022-10-23,4622.0,4555.0
es/nba,2023-02-09,9865.0,9372.5
es/nba,2023-05-14,11243.0,10510.0
es/nba,2024-04-30,7561.0,5105.0
es/nba,2024-06-18,11631.0,7205.0
es/nba,2025-06-23,5298.0,4122.5
es/nba,2026-06-14,5870.0,3835.0
fr/basketball,2019-09-11,2697.0,2267.5
fr/basketball,2019-09-13,3542.0,2267.5
fr/basketball,2021-07-25,3752.0,3095.0
fr/basketball,2021-08-05,3191.0,3095.0
fr/basketball,2021-08-07,3292.0,3095.0
fr/basketball,2024-07-27,1968.0,1755.0
fr/basketball,2024-08-06,4182.0,1755.0
fr/basketball,2024-08-07,1797.0,1755.0
fr/basketball,2024-08-08,3689.0,1755.0
fr/basketball,2024-08-09,2524.0,1755.0
fr/basketball,2024-08-10,6766.0,1755.0
fr/basketball,2024-08-11,5048.0,1780.0
fr/basketball,2025-10-12,2869.0,1477.5
fr/basketball,2025-10-13,2111.0,1480.0
fr/nba,2019-06-14,9855.0,6057.5
fr/nba,2020-01-26,5338.0,5080.0
fr/nba,2020-01-27,8479.0,5080.0
fr/nba,2020-01-28,5895.0,5080.0
fr/nba,2020-10-12,7003.0,5902.5
fr/nba,2022-06-17,7430.0,5717.5
fr/nba,2023-11-05,4124.0,2750.0
fr/nba,2023-11-07,4948.0,2917.5
fr/nba,2024-06-18,5539.0,4890.0
fr/nba,2024-08-08,2333.0,2090.0
fr/nba,2024-08-10,5849.0,2090.0
fr/nba,2024-08-11,4309.0,2090.0
fr/nba,2024-08-12,2307.0,2090.0
it/basketball,2020-10-01,3078.0,2167.5
it/basketball,2021-08-03,2883.0,2810.0
it/basketball,2023-09-05,1510.0,1497.5
it/basketball,2024-08-10,1607.0,1462.5
it/basketball,2024-08-11,1565.0,1462.5
it/nba,2019-06-14,9442.0,4990.0
it/nba,2020-01-26,6864.0,4737.5
it/nba,2020-01-27,13397.0,4737.5
it/nba,2020-01-28,11534.0,4750.0
it/nba,2020-01-29,7230.0,4780.0
it/nba,2020-01-30,5069.0,4897.5
it/nba,2020-02-01,5019.0,4992.5
it/nba,2020-10-12,18163.0,8320.0
it/nba,2021-04-19,15593.0,6515.0
it/nba,2021-04-20,8427.0,6532.5
it/nba,2021-07-21,9227.0,6690.0
it/nba,2022-06-17,21271.0,8670.0
it/nba,2024-06-18,11019.0,6250.0
it/nba,2025-06-23,5256.0,5177.5
it/nba,2026-06-14,10188.0,4375.0
nl/basketball,2021-01-15,1356.0,925.0
nl/basketball,2021-08-08,816.0,792.5
nl/basketball,2024-08-01,562.0,362.5
nl/basketball,2024-08-04,394.0,365.0
nl/basketball,2024-08-05,607.0,367.5
nl/basketball,2024-08-06,1081.0,367.5
nl/basketball,2024-08-07,707.0,367.5
nl/basketball,2024-08-08,419.0,367.5
nl/basketball,2024-08-09,961.0,367.5
nl/basketball,2024-08-10,959.0,367.5
nl/basketball,2024-08-11,837.0,367.5
nl/basketball,2025-06-29,326.0,317.5
nl/nba,2019-01-14,100.0,55.0
nl/nba,2019-11-12,77.0,35.0
nl/nba,2019-11-15,56.0,35.0
nl/nba,2021-12-02,66.0,55.0
nl/nba,2022-06-02,100.0,55.0
nl/nba,2023-01-10,61.0,50.0
nl/nba,2023-01-11,52.0,50.0
nl/nba,2025-10-22,9.0,5.0
nl/nba,2026-01-16,18.0,10.0
nl/nba,2026-05-21,61.0,15.0
tr/basketball,2020-01-15,390.0,225.0
tr/basketball,2020-09-12,672.0,267.5
tr/basketball,2020-09-13,458.0,272.5
tr/basketball,2020-11-14,9364.0,1767.5
tr/basketball,2024-09-17,925.0,482.5
tr/basketball,2024-09-18,1215.0,490.0
tr/basketball,2024-09-19,1502.0,522.5
tr/basketball,2024-09-21,916.0,522.5
tr/basketball,2024-09-22,1262.0,522.5
tr/basketball,2024-09-23,1821.0,522.5
tr/basketball,2024-09-24,1819.0,522.5
tr/basketball,2024-09-25,1531.0,522.5
tr/basketball,2024-09-26,1300.0,522.5
tr/basketball,2024-09-29,788.0,522.5
tr/basketball,2024-09-30,641.0,522.5
tr/basketball,2024-10-01,635.0,522.5
tr/basketball,2024-10-02,563.0,522.5
tr/basketball,2024-10-06,529.0,522.5
tr/basketball,2025-05-25,1281.0,1105.0
tr/basketball,2025-09-03,307.0,230.0
tr/basketball,2025-09-06,396.0,230.0
tr/basketball,2025-09-07,242.0,230.0
tr/basketball,2025-09-09,753.0,232.5
tr/basketball,2025-09-10,325.0,235.0
tr/basketball,2025-09-12,2487.0,235.0
tr/basketball,2025-09-13,712.0,235.0
tr/basketball,2025-09-14,7928.0,237.5
tr/basketball,2025-09-15,934.0,242.5
tr/basketball,2025-09-16,464.0,245.0
tr/basketball,2025-09-17,354.0,245.0
tr/basketball,2025-09-18,419.0,252.5
tr/basketball,2025-09-21,310.0,265.0
tr/basketball,2025-09-22,351.0,292.5
tr/basketball,2025-09-24,337.0,335.0
tr/nba,2019-06-14,237.0,215.0
tr/nba,2020-01-16,231.0,160.0
tr/nba,2020-01-18,183.0,165.0
tr/nba,2020-01-19,268.0,167.5
tr/nba,2020-01-20,250.0,167.5
tr/nba,2020-01-21,269.0,175.0
tr/nba,2020-01-23,207.0,182.5
tr/nba,2020-01-26,785.0,182.5
tr/nba,2020-01-27,1235.0,182.5
tr/nba,2020-01-28,777.0,192.5
tr/nba,2020-01-29,649.0,202.5
tr/nba,2020-01-30,411.0,207.5
tr/nba,2020-01-31,387.0,215.0
tr/nba,2020-02-01,389.0,220.0
tr/nba,2020-02-02,332.0,220.0
tr/nba,2020-02-03,299.0,225.0
tr/nba,2020-02-04,280.0,230.0
tr/nba,2020-02-05,236.0,230.0
tr/nba,2020-02-06,277.0,232.5
tr/nba,2020-02-07,291.0,232.5
tr/nba,2020-02-08,276.0,235.0
tr/nba,2020-02-09,446.0,242.5
tr/nba,2020-02-10,381.0,252.5
tr/nba,2021-11-28,1987.0,1055.0
tr/nba,2022-06-17,2146.0,1947.5
tr/nba,2022-10-19,689.0,617.5
tr/nba,2022-10-22,1388.0,625.0
tr/nba,2022-10-23,1101.0,635.0
tr/nba,2022-10-24,1067.0,655.0
tr/nba,2022-10-25,1030.0,665.0
tr/nba,2022-10-26,976.0,667.5
tr/nba,2022-10-27,733.0,677.5
tr/nba,2022-10-31,1240.0,712.5
tr/nba,2022-11-01,1007.0,715.0
tr/nba,2022-11-03,1209.0,715.0
tr/nba,2022-11-04,1146.0,742.5
tr/nba,2022-11-05,1151.0,777.5
tr/nba,2022-11-06,1044.0,777.5
tr/nba,2022-11-12,1602.0,932.5
tr/nba,2022-11-13,1269.0,977.5
tr/nba,2024-06-18,1611.0,1287.5
tr/nba,2025-09-06,475.0,372.5
tr/nba,2025-09-09,539.0,372.5
tr/nba,2025-09-10,478.0,372.5
tr/nba,2025-09-12,1254.0,375.0
tr/nba,2025-09-13,1434.0,377.5
tr/nba,2025-09-14,2597.0,380.0
tr/nba,2025-09-15,1352.0,382.5
tr/nba,2025-09-16,718.0,390.0
tr/nba,2025-09-17,420.0,395.0
